[
   {
   "name" : "Asahi Aqua Blue",
   "type" : "lightbeer",
   "id_number" : 100001,
   "price" : 2.99,
   "image" : "./images/asahi_aqua_blue.png",
   "quantity_available" : 24,
   "rating" : 2.38,
   "beer_link" : "https://untappd.com/b/asahi-breweries-asahi-honnama-aqua-blue/20868",
   "description" : "A light and crisp Asahi beer found only in Japan. This beer can easily be enjoyed during Japan's hot summer months at the beach or local fireworks festivals." 
   },
   {
   "name" : "Tazawako Pilsner",
   "type" : "lightbeer",
   "id_number" : 100002,
   "price" : 4.99,
   "image" : "./images/tazawako_pilsner.png",
   "quantity_available" : 10,
   "rating" : 4.55,
   "beer_link" : "https://untappd.com/b/warabi-za-co-tazawako-pilsner/128314",
   "description" : "A locally brewed pilsner from Lake Tazawa in Akita, Japan. This pislner is great after a swim in Japan's deepest lake or after a long day of snowboarding." 
   },
   {
   "name" : "Kirin Tanrei Green",
   "type" : "lightbeer",
   "id_number" : 100003,
   "price" : 2.99,
   "image" : "./images/kirin_green.jpg",
   "quantity_available" : 24,
   "rating" : 2.58,
   "beer_link" : "https://untappd.com/b/kirin-brewery-company-tanrei-green-label/9162",
   "description" : "This reduced sugar Kirin happoshu is light and slightly malty. A great choice when looking to cut calories but still enjoy a refreshing brew in style." 
   },
   {
   "name" : "Yoho Tokyo Black",
   "type" : "darkbeer",
   "id_number" : 100004,
   "price" : 3.99,
   "image" : "./images/tokyo_black.png",
   "quantity_available" : 4,
   "rating" : 3.57,
   "beer_link" : "https://untappd.com/b/yo-ho-brewing-company-tokyo-black/20785",
   "description" : "Made by one of Japan's oldest craft brewers, this porter is perfect for anyone who enjoys a rich and dark porter after a day's work." 
   },
   {
   "name" : "Asahi Sakura",
   "type" : "lightbeer",
   "id_number" : 100005,
   "price" : 8.99,
   "image" : "./images/asahi_sakura.png",
   "quantity_available" : 2,
   "rating" : 4.11,
   "beer_link" : "https://untappd.com/b/asahi-breweries-clear-asahi-sakura-no-utage/1395266",
   "description" : "Asahi embraces the seasonal cheery blossom festival (hanabi) with this limited edition release. Same great taste with a great label." 
   },
   {
   "name" : "Sapporo Classic",
   "type" : "lightbeer",
   "id_number" : 100006,
   "price" : 4.99,
   "image" : "./images/sapporo_classic.png",
   "quantity_available" : 20,
   "rating" : 3.26,
   "beer_link" : "https://untappd.com/b/sapporo-breweries-sapporo-classic/31201",
   "description" : "The classic taste of Sapporo only available in Hokkaido locations. This Japanese classic will take you right to the Sapporo snow festival." 
   },
   {
   "name" : "Sapporo Black",
   "type" : "darkbeer",
   "id_number" : 100007,
   "price" : 3.99,
   "image" : "./images/sapporo_black.jpg",
   "quantity_available" : 44,
   "rating" : 3.50,
   "beer_link" : "https://untappd.com/b/sapporo-breweries-sapporo-premium-black-beer/1690341",
   "description" : "Hard to find in the US, this is Sapporo's dark lager featuring distinct chocolate and coffee flavors with an uncommonly smooth finish." 
   },
   {
      "name" : "Kirin Stout",
      "type" : "darkbeer",
      "id_number" : 100008,
      "price" : 5.99,
      "image" : "./images/kirin_stout.jpg",
      "quantity_available" : 12,
      "rating" : 3.31,
      "beer_link" : "https://untappd.com/b/kirin-brewery-company-ichiban-shibori-stout/9348",
      "description" : "Changing from a dark lager to a stout in 2013. this brew made a name for itself with it's roasted malt aroma and smooth, creamy finish." 
   },
   {
      "name" : "Echigo Flying IPA",
      "type" : "ipa",
      "id_number" : 100009,
      "price" : 4.99,
      "image" : "./images/echigo-ipa.jpg",
      "quantity_available" : 8,
      "rating" : 3.41,
      "beer_link" : "https://untappd.com/b/echigo-beer-co-flying-ipa/1652077",
      "description" : "Echigo shoots to create an American style IPA and succeeds. This is a bitter brew with the strong, refreshing scent of citrus." 
   },
   {
      "name" : "Yoho Umami IPA",
      "type" : "ipa",
      "id_number" : 100010,
      "price" : 9.99,
      "image" : "./images/sorry_ipa.jpg",
      "quantity_available" : 2,
      "rating" : 4.50,
      "beer_link" : "https://untappd.com/b/yo-ho-brewing-company-sorry-umami-ipa/1591658",
      "description" : "Yoho steps up it's craft brewing with an umami IPA infused with bonito flakes. A great compliment to your next hibachi house party." 
   },
   {
      "name" : "Yoho Aooni IPA",
      "type" : "ipa",
      "id_number" : 100011,
      "price" : 5.99,
      "image" : "./images/aooni.jpg",
      "quantity_available" : 17,
      "rating" : 3.57,
      "beer_link" : "https://untappd.com/b/yo-ho-brewing-company-aooni/48217",
      "description" : "Whether you picked this up from Family Mart or Biiru International, this is a classic Japanese IPA that is welcome in any fridge." 
   },
   {
      "name" : "Biiru Int. Shirt",
      "type" : "merch",
      "id_number" : 100012,
      "price" : 24.99,
      "image" : "./images/shirt.png",
      "quantity_available" : 99,
      "rating" : 5,
      "beer_link" : "",
      "description" : "Represent Biiru International with this finely woven brand T-Shirt! Stock is limited, so be sure to grab yours before they're gone!." 
   },
   {
      "name" : "Biiru Int. Mug",
      "type" : "merch",
      "id_number" : 100013,
      "price" : 12.99,
      "image" : "./images/mug.png",
      "quantity_available" : 99,
      "rating" : 5,
      "beer_link" : "",
      "description" : "Represent Biiru International with this hand-made coffee mug! Stock is limited, so be sure to grab yours before they're gone!." 
   }
]